Date,cpi,core_cpi,breakeven_5yr,breakeven_10yr,fed_funds_rate,unemployment,consumer_sentiment
2024-01-01,309.698,314.319,,,5.33,3.7,79.0
2024-01-02,,,2.17,2.21,,,
2024-01-03,,,2.17,2.2,,,
2024-01-04,,,2.18,2.22,,,
2024-01-05,,,2.19,2.22,,,
2024-01-08,,,2.19,2.22,,,
2024-01-09,,,2.17,2.22,,,
2024-01-10,,,2.18,2.22,,,
2024-01-11,,,2.18,2.22,,,
2024-01-12,,,2.22,2.27,,,
2024-01-15,,,,,,,
2024-01-16,,,2.24,2.3,,,
2024-01-17,,,2.24,2.3,,,
2024-01-18,,,2.28,2.34,,,
2024-01-19,,,2.3,2.34,,,
2024-01-22,,,2.27,2.31,,,
2024-01-23,,,2.26,2.29,,,
2024-01-24,,,2.23,2.3,,,
2024-01-25,,,2.24,2.29,,,
2024-01-26,,,2.26,2.3,,,
2024-01-29,,,2.26,2.3,,,
2024-01-30,,,2.25,2.26,,,
2024-01-31,,,2.24,2.26,,,
2024-02-01,310.967,315.564,2.17,2.19,5.33,3.9,76.9
2024-02-02,,,2.19,2.21,,,
2024-02-05,,,2.26,2.27,,,
2024-02-06,,,2.24,2.24,,,
2024-02-07,,,2.26,2.23,,,
2024-02-08,,,2.28,2.24,,,
2024-02-09,,,2.28,2.25,,,
2024-02-12,,,2.27,2.24,,,
2024-02-13,,,2.33,2.29,,,
2024-02-14,,,2.34,2.3,,,
2024-02-15,,,2.35,2.3,,,
2024-02-16,,,2.38,2.33,,,
2024-02-19,,,,,,,
2024-02-20,,,2.37,2.32,,,
2024-02-21,,,2.39,2.34,,,
2024-02-22,,,2.37,2.31,,,
2024-02-23,,,2.34,2.3,,,
2024-02-26,,,2.36,2.31,,,
2024-02-27,,,2.38,2.32,,,
2024-02-28,,,2.38,2.33,,,
2024-02-29,,,2.4,2.33,,,
2024-03-01,312.345,316.792,2.4,2.32,5.33,3.9,79.4
2024-03-04,,,2.42,2.34,,,
2024-03-05,,,2.39,2.32,,,
2024-03-06,,,2.38,2.3,,,
2024-03-07,,,2.34,2.28,,,
2024-03-08,,,2.34,2.28,,,
2024-03-11,,,2.32,2.27,,,
2024-03-12,,,2.35,2.3,,,
2024-03-13,,,2.37,2.3,,,
2024-03-14,,,2.37,2.3,,,
2024-03-15,,,2.39,2.32,,,
2024-03-18,,,2.39,2.31,,,
2024-03-19,,,2.38,2.3,,,
2024-03-20,,,2.4,2.31,,,
2024-03-21,,,2.43,2.34,,,
2024-03-22,,,2.41,2.35,,,
2024-03-25,,,2.41,2.33,,,
2024-03-26,,,2.38,2.32,,,
2024-03-27,,,2.37,2.32,,,
2024-03-28,,,2.38,2.32,,,
2024-03-29,,,,,,,
2024-04-01,313.023,317.649,2.41,2.35,5.33,3.9,77.2
2024-04-02,,,2.44,2.36,,,
2024-04-03,,,2.43,2.36,,,
2024-04-04,,,2.42,2.34,,,
2024-04-05,,,2.45,2.37,,,
2024-04-08,,,2.47,2.38,,,
2024-04-09,,,2.44,2.36,,,
2024-04-10,,,2.49,2.4,,,
2024-04-11,,,2.48,2.4,,,
2024-04-12,,,2.47,2.39,,,
2024-04-15,,,2.52,2.43,,,
2024-04-16,,,2.52,2.43,,,
2024-04-17,,,2.47,2.39,,,
2024-04-18,,,2.44,2.4,,,
2024-04-19,,,2.44,2.41,,,
2024-04-22,,,2.45,2.41,,,
2024-04-23,,,2.44,2.41,,,
2024-04-24,,,2.42,2.41,,,
2024-04-25,,,2.43,2.42,,,
2024-04-26,,,2.44,2.43,,,
2024-04-29,,,2.43,2.41,,,
2024-04-30,,,2.43,2.41,,,
2024-05-01,313.175,318.095,2.39,2.38,5.33,3.9,69.1
2024-05-02,,,2.37,2.37,,,
2024-05-03,,,2.35,2.35,,,
2024-05-06,,,2.34,2.35,,,
2024-05-07,,,2.32,2.32,,,
2024-05-08,,,2.31,2.31,,,
2024-05-09,,,2.34,2.32,,,
2024-05-10,,,2.34,2.34,,,
2024-05-13,,,2.33,2.33,,,
2024-05-14,,,2.32,2.33,,,
2024-05-15,,,2.29,2.31,,,
2024-05-16,,,2.3,2.31,,,
2024-05-17,,,2.32,2.32,,,
2024-05-20,,,2.33,2.33,,,
2024-05-21,,,2.33,2.32,,,
2024-05-22,,,2.33,2.33,,,
2024-05-23,,,2.31,2.3,,,
2024-05-24,,,2.33,2.32,,,
2024-05-27,,,,,,,
2024-05-28,,,2.33,2.34,,,
2024-05-29,,,2.36,2.36,,,
2024-05-30,,,2.35,2.36,,,
2024-05-31,,,2.34,2.35,,,
2024-06-03,,,2.31,2.33,,,
2024-06-04,,,2.28,2.31,,,
2024-06-05,,,2.27,2.3,,,
2024-06-06,,,2.25,2.28,,,
2024-06-07,,,2.28,2.3,,,
2024-06-10,,,2.27,2.31,,,
2024-06-11,,,2.25,2.27,,,
2024-06-12,,,2.17,2.22,,,
2024-06-13,,,2.14,2.21,,,
2024-06-14,,,2.11,2.17,,,
2024-06-17,,,2.16,2.22,,,
2024-06-18,,,2.17,2.21,,,
2024-06-19,,,,,,,
2024-06-20,,,2.21,2.25,,,
2024-06-21,,,2.19,2.23,,,
2024-06-24,,,2.18,2.22,,,
2024-06-25,,,2.17,2.22,,,
2024-06-26,,,2.2,2.26,,,
2024-06-27,,,2.22,2.26,,,
2024-06-28,,,2.24,2.28,,,
2024-07-01,313.569,318.94,2.29,2.32,5.33,4.2,66.4
2024-07-02,,,2.26,2.3,,,
2024-07-03,,,2.23,2.27,,,
2024-07-04,,,,,,,
2024-07-05,,,2.22,2.28,,,
2024-07-08,,,2.22,2.27,,,
2024-07-09,,,2.21,2.26,,,
2024-07-10,,,2.22,2.27,,,
2024-07-11,,,2.18,2.25,,,
2024-07-12,,,2.15,2.24,,,
2024-07-15,,,2.2,2.27,,,
2024-07-16,,,2.2,2.26,,,
2024-07-17,,,2.19,2.26,,,
2024-07-18,,,2.19,2.31,,,
2024-07-19,,,2.18,2.32,,,
2024-07-22,,,2.18,2.3,,,
2024-07-23,,,2.17,2.29,,,
2024-07-24,,,2.13,2.28,,,
2024-07-25,,,2.13,2.28,,,
2024-07-26,,,2.13,2.27,,,
2024-07-29,,,2.13,2.25,,,
2024-07-30,,,2.12,2.25,,,
2024-07-31,,,2.13,2.24,,,
2024-08-01,314.062,319.75,2.06,2.2,5.33,4.2,67.9
2024-08-02,,,1.89,2.04,,,
2024-08-05,,,1.91,2.07,,,
2024-08-06,,,1.96,2.12,,,
2024-08-07,,,1.97,2.11,,,
2024-08-08,,,1.98,2.12,,,
2024-08-09,,,1.96,2.1,,,
2024-08-12,,,1.98,2.11,,,
2024-08-13,,,1.96,2.09,,,
2024-08-14,,,1.93,2.06,,,
2024-08-15,,,1.99,2.12,,,
2024-08-16,,,1.97,2.08,,,
2024-08-19,,,1.94,2.07,,,
2024-08-20,,,1.95,2.07,,,
2024-08-21,,,1.94,2.07,,,
2024-08-22,,,1.96,2.1,,,
2024-08-23,,,2.01,2.13,,,
2024-08-26,,,2.02,2.15,,,
2024-08-27,,,2.02,2.15,,,
2024-08-28,,,1.99,2.15,,,
2024-08-29,,,2.01,2.16,,,
2024-08-30,,,2.01,2.15,,,
2024-09-02,,,,,,,
2024-09-03,,,1.95,2.11,,,
2024-09-04,,,1.9,2.07,,,
2024-09-05,,,1.87,2.03,,,
2024-09-06,,,1.86,2.03,,,
2024-09-09,,,1.88,2.04,,,
2024-09-10,,,1.86,2.02,,,
2024-09-11,,,1.9,2.04,,,
2024-09-12,,,1.93,2.05,,,
2024-09-13,,,1.95,2.08,,,
2024-09-16,,,1.94,2.09,,,
2024-09-17,,,1.97,2.12,,,
2024-09-18,,,1.98,2.12,,,
2024-09-19,,,2.04,2.17,,,
2024-09-20,,,2.02,2.15,,,
2024-09-23,,,2.04,2.17,,,
2024-09-24,,,2.06,2.19,,,
2024-09-25,,,2.06,2.18,,,
2024-09-26,,,2.03,2.16,,,
2024-09-27,,,2.03,2.15,,,
2024-09-30,,,2.07,2.18,,,
2024-10-01,315.631,321.731,2.07,2.19,4.83,4.1,70.5
2024-10-02,,,2.1,2.21,,,
2024-10-03,,,2.11,2.21,,,
2024-10-04,,,2.14,2.23,,,
2024-10-07,,,2.17,2.27,,,
2024-10-08,,,2.17,2.27,,,
2024-10-09,,,2.21,2.29,,,
2024-10-10,,,2.26,2.33,,,
2024-10-11,,,2.25,2.33,,,
2024-10-14,,,,,,,
2024-10-15,,,2.22,2.28,,,
2024-10-16,,,2.19,2.27,,,
2024-10-17,,,2.22,2.3,,,
2024-10-18,,,2.23,2.31,,,
2024-10-21,,,2.23,2.31,,,
2024-10-22,,,2.25,2.33,,,
2024-10-23,,,2.23,2.31,,,
2024-10-24,,,2.33,2.3,,,
2024-10-25,,,2.32,2.29,,,
2024-10-28,,,2.31,2.29,,,
2024-10-29,,,2.33,2.3,,,
2024-10-30,,,2.37,2.34,,,
2024-10-31,,,2.38,2.33,,,
2024-11-01,316.528,322.657,2.37,2.33,4.64,4.2,71.8
2024-11-04,,,2.32,2.28,,,
2024-11-05,,,2.32,2.27,,,
2024-11-06,,,2.46,2.38,,,
2024-11-07,,,2.4,2.33,,,
2024-11-08,,,2.43,2.35,,,
2024-11-11,,,,,,,
2024-11-12,,,2.43,2.35,,,
2024-11-13,,,2.42,2.35,,,
2024-11-14,,,2.4,2.33,,,
2024-11-15,,,2.39,2.33,,,
2024-11-18,,,2.41,2.34,,,
2024-11-19,,,2.41,2.34,,,
2024-11-20,,,2.43,2.35,,,
2024-11-21,,,2.42,2.34,,,
2024-11-22,,,2.43,2.34,,,
2024-11-25,,,2.35,2.29,,,
2024-11-26,,,2.33,2.28,,,
2024-11-27,,,2.32,2.26,,,
2024-11-28,,,,,,,
2024-11-29,,,2.33,2.26,,,
2024-12-02,,,2.33,2.26,,,
2024-12-03,,,2.36,2.28,,,
2024-12-04,,,2.37,2.29,,,
2024-12-05,,,2.35,2.25,,,
2024-12-06,,,2.31,2.24,,,
2024-12-09,,,2.33,2.27,,,
2024-12-10,,,2.34,2.29,,,
2024-12-11,,,2.38,2.3,,,
2024-12-12,,,2.39,2.32,,,
2024-12-13,,,2.4,2.33,,,
2024-12-16,,,2.38,2.32,,,
2024-12-17,,,2.36,2.31,,,
2024-12-18,,,2.38,2.32,,,
2024-12-19,,,2.35,2.29,,,
2024-12-20,,,2.34,2.29,,,
2024-12-23,,,2.38,2.32,,,
2024-12-24,,,2.39,2.35,,,
2024-12-25,,,,,,,
2024-12-26,,,2.39,2.35,,,
2024-12-27,,,2.38,2.34,,,
2024-12-30,,,2.35,2.31,,,
2024-12-31,,,2.38,2.34,,,
2025-01-01,318.961,324.638,,,4.33,4.0,71.7
2025-01-02,,,2.41,2.34,,,
2025-01-03,,,2.4,2.34,,,
2025-01-06,,,2.4,2.34,,,
2025-01-07,,,2.44,2.38,,,
2025-01-08,,,2.47,2.4,,,
2025-01-09,,,2.46,2.39,,,
2025-01-10,,,2.51,2.43,,,
2025-01-13,,,2.55,2.45,,,
2025-01-14,,,2.55,2.44,,,
2025-01-15,,,2.52,2.42,,,
2025-01-16,,,2.51,2.42,,,
2025-01-17,,,2.52,2.41,,,
2025-01-20,,,,,,,
2025-01-21,,,2.47,2.38,,,
2025-01-22,,,2.48,2.4,,,
2025-01-23,,,2.52,2.42,,,
2025-01-24,,,2.52,2.43,,,
2025-01-27,,,2.49,2.4,,,
2025-01-28,,,2.52,2.42,,,
2025-01-29,,,2.52,2.4,,,
2025-01-30,,,2.5,2.38,,,
2025-01-31,,,2.54,2.42,,,
2025-02-03,,,2.61,2.45,,,
2025-02-04,,,2.59,2.44,,,
2025-02-05,,,2.57,2.42,,,
2025-02-06,,,2.57,2.42,,,
2025-02-07,,,2.59,2.42,,,
2025-02-10,,,2.6,2.44,,,
2025-02-11,,,2.64,2.46,,,
2025-02-12,,,2.66,2.46,,,
2025-02-13,,,2.64,2.44,,,
2025-02-14,,,2.62,2.43,,,
2025-02-17,,,,,,,
2025-02-18,,,2.65,2.45,,,
2025-02-19,,,2.66,2.45,,,
2025-02-20,,,2.66,2.45,,,
2025-02-21,,,2.61,2.42,,,
2025-02-24,,,2.61,2.42,,,
2025-02-25,,,2.57,2.38,,,
2025-02-26,,,2.54,2.36,,,
2025-02-27,,,2.57,2.37,,,
2025-02-28,,,2.58,2.38,,,
2025-03-03,,,2.59,2.36,,,
2025-03-04,,,2.59,2.35,,,
2025-03-05,,,2.56,2.34,,,
2025-03-06,,,2.53,2.34,,,
2025-03-07,,,2.52,2.33,,,
2025-03-10,,,2.49,2.31,,,
2025-03-11,,,2.5,2.31,,,
2025-03-12,,,2.53,2.33,,,
2025-03-13,,,2.48,2.29,,,
2025-03-14,,,2.48,2.3,,,
2025-03-17,,,2.48,2.29,,,
2025-03-18,,,2.46,2.3,,,
2025-03-19,,,2.5,2.31,,,
2025-03-20,,,2.51,2.31,,,
2025-03-21,,,2.51,2.33,,,
2025-03-24,,,2.54,2.36,,,
2025-03-25,,,2.56,2.35,,,
2025-03-26,,,2.56,2.37,,,
2025-03-27,,,2.6,2.39,,,
2025-03-28,,,2.58,2.37,,,
2025-03-31,,,2.61,2.38,,,
2025-04-01,320.302,326.467,2.54,2.33,4.33,4.2,52.2
2025-04-02,,,2.51,2.32,,,
2025-04-03,,,2.5,2.28,,,
2025-04-04,,,2.34,2.18,,,
2025-04-07,,,2.31,2.19,,,
2025-04-08,,,2.35,2.22,,,
2025-04-09,,,2.45,2.27,,,
2025-04-10,,,2.32,2.19,,,
2025-04-11,,,2.33,2.2,,,
2025-04-14,,,2.35,2.23,,,
2025-04-15,,,2.31,2.19,,,
2025-04-16,,,2.29,2.17,,,
2025-04-17,,,2.26,2.23,,,
2025-04-18,,,,,,,
2025-04-21,,,2.25,2.22,,,
2025-04-22,,,2.3,2.27,,,
2025-04-23,,,2.33,2.29,,,
2025-04-24,,,2.35,2.3,,,
2025-04-25,,,2.32,2.27,,,
2025-04-28,,,2.32,2.25,,,
2025-04-29,,,2.29,2.23,,,
2025-04-30,,,2.29,2.23,,,
2025-05-01,320.62,326.893,2.3,2.25,4.33,4.3,52.2
2025-05-02,,,2.31,2.27,,,
2025-05-05,,,2.33,2.28,,,
2025-05-06,,,2.34,2.26,,,
2025-05-07,,,2.33,2.25,,,
2025-05-08,,,2.39,2.29,,,
2025-05-09,,,2.39,2.29,,,
2025-05-12,,,2.35,2.29,,,
2025-05-13,,,2.38,2.32,,,
2025-05-14,,,2.44,2.37,,,
2025-05-15,,,2.41,2.34,,,
2025-05-16,,,2.42,2.34,,,
2025-05-19,,,2.43,2.36,,,
2025-05-20,,,2.42,2.35,,,
2025-05-21,,,2.43,2.35,,,
2025-05-22,,,2.42,2.34,,,
2025-05-23,,,2.4,2.33,,,
2025-05-26,,,,,,,
2025-05-27,,,2.41,2.32,,,
2025-05-28,,,2.39,2.32,,,
2025-05-29,,,2.38,2.32,,,
2025-05-30,,,2.39,2.34,,,
2025-06-02,,,2.38,2.33,,,
2025-06-03,,,2.38,2.32,,,
2025-06-04,,,2.32,2.31,,,
2025-06-05,,,2.31,2.29,,,
2025-06-06,,,2.35,2.31,,,
2025-06-09,,,2.34,2.31,,,
2025-06-10,,,2.32,2.29,,,
2025-06-11,,,2.3,2.27,,,
2025-06-12,,,2.28,2.25,,,
2025-06-13,,,2.31,2.28,,,
2025-06-16,,,2.32,2.3,,,
2025-06-17,,,2.35,2.31,,,
2025-06-18,,,2.36,2.31,,,
2025-06-19,,,,,,,
2025-06-20,,,2.37,2.33,,,
2025-06-23,,,2.33,2.3,,,
2025-06-24,,,2.3,2.29,,,
2025-06-25,,,2.28,2.28,,,
2025-06-26,,,2.29,2.28,,,
2025-06-27,,,2.31,2.29,,,
2025-06-30,,,2.31,2.29,,,
2025-07-01,322.169,328.682,2.32,2.29,4.33,4.3,61.7
2025-07-02,,,2.34,2.3,,,
2025-07-03,,,2.37,2.33,,,
2025-07-04,,,,,,,
2025-07-07,,,2.4,2.35,,,
2025-07-08,,,2.39,2.35,,,
2025-07-09,,,2.38,2.33,,,
2025-07-10,,,2.39,2.34,,,
2025-07-11,,,2.44,2.37,,,
2025-07-14,,,2.45,2.39,,,
2025-07-15,,,2.48,2.41,,,
2025-07-16,,,2.49,2.41,,,
2025-07-17,,,2.53,2.43,,,
2025-07-18,,,2.5,2.41,,,
2025-07-21,,,2.49,2.4,,,
2025-07-22,,,2.47,2.39,,,
2025-07-23,,,2.44,2.37,,,
2025-07-24,,,2.5,2.45,,,
2025-07-25,,,2.47,2.44,,,
2025-07-28,,,2.47,2.44,,,
2025-07-29,,,2.48,2.43,,,
2025-07-30,,,2.48,2.42,,,
2025-07-31,,,2.46,2.39,,,
2025-08-01,323.291,329.7,2.38,2.33,4.33,4.3,58.2
2025-08-04,,,2.41,2.37,,,
2025-08-05,,,2.41,2.36,,,
2025-08-06,,,2.4,2.34,,,
2025-08-07,,,2.41,2.35,,,
2025-08-08,,,2.46,2.39,,,
2025-08-11,,,2.46,2.4,,,
2025-08-12,,,2.43,2.38,,,
2025-08-13,,,2.42,2.37,,,
2025-08-14,,,2.43,2.39,,,
2025-08-15,,,2.42,2.38,,,
2025-08-18,,,2.42,2.38,,,
2025-08-19,,,2.39,2.35,,,
2025-08-20,,,2.4,2.35,,,
2025-08-21,,,2.44,2.39,,,
2025-08-22,,,2.48,2.41,,,
2025-08-25,,,2.49,2.41,,,
2025-08-26,,,2.5,2.42,,,
2025-08-27,,,2.5,2.43,,,
2025-08-28,,,2.49,2.41,,,
2025-08-29,,,2.47,2.41,,,
2025-09-01,324.245,330.418,,,4.22,4.4,55.1
2025-09-02,,,2.48,2.41,,,
2025-09-03,,,2.46,2.4,,,
2025-09-04,,,2.44,2.38,,,
2025-09-05,,,2.42,2.37,,,
2025-09-08,,,2.41,2.35,,,
2025-09-09,,,2.43,2.36,,,
2025-09-10,,,2.41,2.35,,,
2025-09-11,,,2.41,2.34,,,
2025-09-12,,,2.42,2.36,,,
2025-09-15,,,2.41,2.37,,,
2025-09-16,,,2.42,2.37,,,
2025-09-17,,,2.43,2.38,,,
2025-09-18,,,2.44,2.38,,,
2025-09-19,,,2.43,2.39,,,
2025-09-22,,,2.42,2.37,,,
2025-09-23,,,2.42,2.37,,,
2025-09-24,,,2.42,2.38,,,
2025-09-25,,,2.42,2.38,,,
2025-09-26,,,2.42,2.38,,,
2025-09-29,,,2.41,2.35,,,
2025-09-30,,,2.42,2.36,,,
2025-10-01,,,2.39,2.35,4.09,,53.6
2025-10-02,,,2.37,2.34,,,
2025-10-03,,,2.38,2.33,,,
2025-10-06,,,2.38,2.34,,,
2025-10-07,,,2.39,2.35,,,
2025-10-08,,,2.39,2.35,,,
2025-10-09,,,2.39,2.34,,,
2025-10-10,,,2.35,2.3,,,
2025-10-13,,,,,,,
2025-10-14,,,2.33,2.3,,,
2025-10-15,,,2.33,2.29,,,
2025-10-16,,,2.29,2.28,,,
2025-10-17,,,2.29,2.27,,,
2025-10-20,,,2.28,2.26,,,
2025-10-21,,,2.3,2.28,,,
2025-10-22,,,2.32,2.29,,,
2025-10-23,,,2.42,2.3,,,
2025-10-24,,,2.4,2.29,,,
2025-10-27,,,2.37,2.28,,,
2025-10-28,,,2.36,2.28,,,
2025-10-29,,,2.37,2.3,,,
2025-10-30,,,2.38,2.29,,,
2025-10-31,,,2.4,2.3,,,
2025-11-03,,,2.41,2.31,,,
2025-11-04,,,2.38,2.29,,,
2025-11-05,,,2.39,2.3,,,
2025-11-06,,,2.37,2.28,,,
2025-11-07,,,2.36,2.28,,,
2025-11-10,,,2.38,2.29,,,
2025-11-11,,,,,,,
2025-11-12,,,2.37,2.27,,,
2025-11-13,,,2.37,2.28,,,
2025-11-14,,,2.38,2.28,,,
2025-11-17,,,2.37,2.28,,,
2025-11-18,,,2.36,2.27,,,
2025-11-19,,,2.36,2.27,,,
2025-11-20,,,2.34,2.24,,,
2025-11-21,,,2.32,2.24,,,
2025-11-24,,,2.3,2.23,,,
2025-11-25,,,2.27,2.22,,,
2025-11-26,,,2.29,2.23,,,
2025-11-27,,,,,,,
2025-11-28,,,2.29,2.23,,,
2025-12-01,326.031,331.814,2.31,2.24,3.72,4.4,52.9
2025-12-02,,,2.3,2.24,,,
2025-12-03,,,2.29,2.24,,,
2025-12-04,,,2.33,2.26,,,
2025-12-05,,,2.34,2.26,,,
2025-12-08,,,2.32,2.26,,,
2025-12-09,,,2.32,2.26,,,
2025-12-10,,,2.32,2.25,,,
2025-12-11,,,2.32,2.25,,,
2025-12-12,,,2.32,2.26,,,
2025-12-15,,,2.29,2.25,,,
2025-12-16,,,2.25,2.23,,,
2025-12-17,,,2.26,2.24,,,
2025-12-18,,,2.26,2.24,,,
2025-12-19,,,2.27,2.24,,,
2025-12-22,,,2.25,2.23,,,
2025-12-23,,,2.24,2.24,,,
2025-12-24,,,2.24,2.24,,,
2025-12-25,,,,,,,
2025-12-26,,,2.22,2.23,,,
2025-12-29,,,2.23,2.22,,,
2025-12-30,,,2.25,2.24,,,
2025-12-31,,,2.26,2.25,,,
2026-01-01,326.588,332.793,,,3.64,4.3,56.4
2026-01-02,,,2.28,2.25,,,
2026-01-05,,,2.29,2.26,,,
2026-01-06,,,2.3,2.27,,,
2026-01-07,,,2.3,2.27,,,
2026-01-08,,,2.31,2.27,,,
2026-01-09,,,2.32,2.28,,,
2026-01-12,,,2.36,2.29,,,
2026-01-13,,,2.37,2.3,,,
2026-01-14,,,2.36,2.29,,,
2026-01-15,,,2.36,2.29,,,
2026-01-16,,,2.39,2.33,,,
2026-01-19,,,,,,,
2026-01-20,,,2.4,2.33,,,
2026-01-21,,,2.42,2.34,,,
2026-01-22,,,2.42,2.31,,,
2026-01-23,,,2.46,2.32,,,
2026-01-26,,,2.45,2.32,,,
2026-01-27,,,2.47,2.34,,,
2026-01-28,,,2.5,2.36,,,
2026-01-29,,,2.52,2.35,,,
2026-01-30,,,2.53,2.36,,,
2026-02-02,,,2.52,2.35,,,
2026-02-03,,,2.53,2.36,,,
2026-02-04,,,2.51,2.35,,,
2026-02-05,,,2.48,2.32,,,
2026-02-06,,,2.5,2.34,,,
2026-02-09,,,2.5,2.35,,,
2026-02-10,,,2.47,2.32,,,
2026-02-11,,,2.49,2.32,,,
2026-02-12,,,2.45,2.29,,,
2026-02-13,,,2.42,2.27,,,
2026-02-16,,,,,,,
2026-02-17,,,2.39,2.26,,,
2026-02-18,,,2.43,2.29,,,
2026-02-19,,,2.43,2.29,,,
2026-02-20,,,2.43,2.28,,,
2026-02-23,,,2.4,2.26,,,
2026-02-24,,,2.4,2.26,,,
2026-02-25,,,2.42,2.28,,,
2026-02-26,,,2.43,2.28,,,
2026-02-27,,,2.4,2.25,,,
2026-03-02,,,2.46,2.29,,,
2026-03-03,,,2.46,2.29,,,
2026-03-04,,,2.46,2.29,,,
2026-03-05,,,2.51,2.31,,,
2026-03-06,,,2.56,2.35,,,
2026-03-09,,,2.56,2.34,,,
2026-03-10,,,2.53,2.33,,,
2026-03-11,,,2.58,2.36,,,
2026-03-12,,,2.63,2.38,,,
2026-03-13,,,2.61,2.36,,,
2026-03-16,,,2.58,2.36,,,
2026-03-17,,,2.62,2.37,,,
2026-03-18,,,2.66,2.4,,,
2026-03-19,,,2.61,2.37,,,
2026-03-20,,,2.63,2.38,,,
2026-03-23,,,2.53,2.33,,,
2026-03-24,,,2.55,2.33,,,
2026-03-25,,,2.51,2.31,,,
2026-03-26,,,2.56,2.34,,,
2026-03-27,,,2.56,2.31,,,
2026-03-30,,,2.57,2.31,,,
2026-03-31,,,2.54,2.3,,,
2026-04-01,332.407,335.423,2.55,2.31,3.64,4.3,49.8
2026-04-02,,,2.57,2.34,,,
2026-04-03,,,2.61,2.36,,,
2026-04-06,,,2.6,2.36,,,
2026-04-07,,,2.61,2.37,,,
2026-04-08,,,2.56,2.33,,,
2026-04-09,,,2.56,2.34,,,
2026-04-10,,,2.58,2.36,,,
2026-04-13,,,2.61,2.38,,,
2026-04-14,,,2.59,2.37,,,
2026-04-15,,,2.61,2.39,,,
2026-04-16,,,2.6,2.39,,,
2026-04-17,,,2.56,2.36,,,
2026-04-20,,,2.57,2.35,,,
2026-04-21,,,2.6,2.38,,,
2026-04-22,,,2.61,2.38,,,
2026-04-23,,,2.58,2.42,,,
2026-04-24,,,2.61,2.42,,,
2026-04-27,,,2.62,2.44,,,
2026-04-28,,,2.63,2.44,,,
2026-04-29,,,2.67,2.46,,,
2026-04-30,,,2.67,2.46,,,
2026-05-01,333.979,336.121,2.69,2.48,3.63,4.3,44.8
2026-05-04,,,2.72,2.5,,,
2026-05-05,,,2.67,2.47,,,
2026-05-06,,,2.58,2.42,,,
2026-05-07,,,2.61,2.45,,,
2026-05-08,,,2.62,2.45,,,
2026-05-11,,,2.67,2.47,,,
2026-05-12,,,2.69,2.47,,,
2026-05-13,,,2.7,2.47,,,
2026-05-14,,,2.67,2.47,,,
2026-05-15,,,2.7,2.49,,,
2026-05-18,,,2.69,2.48,,,
2026-05-19,,,2.66,2.49,,,
2026-05-20,,,2.59,2.44,,,
2026-05-21,,,2.57,2.39,,,
2026-05-22,,,2.54,2.4,,,
2026-05-25,,,,,,,
2026-05-26,,,2.53,2.4,,,
2026-05-27,,,2.53,2.39,,,
2026-05-28,,,2.54,2.39,,,
2026-05-29,,,2.52,2.38,,,
2026-06-01,332.568,336.065,2.54,2.4,3.63,4.2,
2026-06-02,,,2.52,2.39,,,
2026-06-03,,,2.53,2.38,,,
2026-06-04,,,2.48,2.36,,,
2026-06-05,,,2.48,2.36,,,
2026-06-08,,,2.47,2.35,,,
2026-06-09,,,2.44,2.33,,,
2026-06-10,,,2.44,2.34,,,
2026-06-11,,,2.4,2.29,,,
2026-06-12,,,2.39,2.31,,,
2026-06-15,,,2.4,2.32,,,
2026-06-16,,,2.36,2.29,,,
2026-06-17,,,2.31,2.26,,,
2026-06-18,,,2.27,2.25,,,
2026-06-19,,,,,,,
2026-06-22,,,2.28,2.23,,,
2026-06-23,,,2.24,2.21,,,
2026-06-24,,,2.19,2.18,,,
2026-06-25,,,2.23,2.21,,,
2026-06-26,,,2.21,2.2,,,
2026-06-29,,,2.24,2.22,,,
2026-06-30,,,2.26,2.24,,,
2026-07-01,,,2.26,2.23,,,
2026-07-02,,,2.24,2.23,,,
2026-07-03,,,,,,,
2026-07-06,,,2.27,2.24,,,
2026-07-07,,,2.28,2.25,,,
2026-07-08,,,2.31,2.25,,,
2026-07-09,,,2.28,2.23,,,
2026-07-10,,,2.28,2.24,,,
2026-07-13,,,2.31,2.26,,,
2026-07-14,,,2.28,2.25,,,
2026-07-15,,,2.25,2.23,,,
2026-07-16,,,2.24,2.22,,,
2026-07-17,,,2.27,2.24,,,
2026-07-20,,,2.28,2.25,,,
2026-07-21,,,2.28,2.26,,,
2024-09-01,314.732,320.732,,,5.13,4.1,70.1
2025-02-01,319.679,325.465,,,4.33,4.2,64.7
2026-03-01,330.293,334.165,,,3.64,4.3,53.3
2025-03-01,319.785,325.69,,,4.33,4.2,57.0
2026-02-01,327.46,333.512,,,3.64,4.4,56.6
2024-06-01,313.044,318.39,,,5.33,4.1,68.2
2025-11-01,325.063,331.043,,,3.88,4.5,51.0
2025-06-01,321.435,327.658,,,4.33,4.1,60.7
2024-12-01,317.604,323.259,,,4.48,4.1,74.0
